<?xml version="1.0" encoding="UTF-8" ?>

<!DOCTYPE mapper PUBLIC "-//mybatis.org//DTD Mapper 3.0//EN" 
	"http://mybatis.org/dtd/mybatis-3-mapper.dtd">

<mapper namespace="sql.pms">
	<insert id="insert" parameterType="product">
		insert into
		goods ( brand,	price, info)
		values(  #{model:VARCHAR}, #{price:VARCHAR}, #{info:VARCHAR} )
	</insert>
	<select id="search"		parameterType="string"   resultType="product">
	 	select *
		from   goods
		where  gno=#{gno}
	</select>
	<select id="searchAll"	resultType="product">
		select brand,price,info
		from   goods
	</select>
	<select id="findUser"	parameterType="string"	resultType="userinfo">
		select * from userinfo  where id=#{id}
	</select>
	<delete id='delete'		parameterType="string">
		delete from goods where gno = #{gno}
	</delete>
</mapper>






































