<?xml version="1.0" encoding="UTF-8" ?>

<!DOCTYPE mapper PUBLIC "-//mybatis.org//DTD Mapper 3.0//EN" "http://mybatis.org/dtd/mybatis-3-mapper.dtd">


<mapper namespace="product">
	<insert id="insert" parameterType="product">
		insert into goods
		(gno,brand,price,info) values
		(
		#{gno:VARCHAR}
		,#{brand:VARCHAR}
		,#{price:VARCHAR}
		,#{info:VARCHAR}
		)
	</insert>

	<update id="update" parameterType="product">
		update goods set
		brand=#{brand:VARCHAR}
		,price=#{price:VARCHAR}
		,info=#{info:VARCHAR}
		where gno=#{gno:VARCHAR}
	</update>

	<delete id="delete" parameterType="string">
		delete from product where
		gno=#{gno}
	</delete>


	<select id="search" parameterType="string" resultType="product">
		select	* from goods where gno=#{gno} order by gno desc
	</select>

	<select id="searchAll"  resultType="product">
		select	* from goods order by gno desc
	</select>



</mapper>
























































	












